{"n_params": 737668608, "mp": 737.668608, "grad_mp": 737.668608, "_timestamp": 1669240646.0280693, "_runtime": 2944.4186973571777, "_step": 7172, "lr_group_0": 0.0, "lr_group_1": 0.0, "global_step": 2808, "loss": 0.7644699811935425, "tpb": 171, "bs": 2, "src_pad_tok": 1, "src_pad_frac": 0.010204081423580647, "epoch": 4, "val_avg_loss": 0.6424778699874878, "val_avg_rouge1": 51.075542, "val_avg_rouge2": 27.65275, "val_avg_rougeL": 40.87601, "val_avg_rougeLsum": 40.93056, "val_avg_gen_time": 0.19033291498819987, "val_avg_gen_len": 49.2, "step_count": 7, "test_avg_loss": 0.5615102648735046, "test_avg_rouge1": 51.22373399999999, "test_avg_rouge2": 28.095954000000003, "test_avg_rougeL": 41.594013999999994, "test_avg_rougeLsum": 41.59632, "test_avg_gen_time": 0.19020891964435577, "test_avg_gen_len": 49.02, "val_loss": 0.6424778699874878, "val_rouge2": 27.65275001525879, "test_loss": 0.5615102648735046, "test_rouge2": 28.09595489501953, "_wandb": {"runtime": 2943}}