{"n_params": 737668608, "mp": 737.668608, "grad_mp": 737.668608, "_timestamp": 1669151819.0374107, "_runtime": 1814.5711107254028, "_step": 3027, "lr_group_0": 1.0135135135135136e-08, "lr_group_1": 1.0135135135135136e-08, "global_step": 1776, "loss": 0.7784568071365356, "tpb": 663, "bs": 8, "src_pad_tok": 72, "src_pad_frac": 0.20454546809196472, "epoch": 4, "val_avg_loss": 0.8211330771446228, "val_avg_rouge1": 51.51299800000001, "val_avg_rouge2": 27.557616, "val_avg_rougeL": 41.29293, "val_avg_rougeLsum": 41.29951200000001, "val_avg_gen_time": 0.18081874171892803, "val_avg_gen_len": 46.86, "step_count": 7, "test_avg_loss": 0.8197954893112183, "test_avg_rouge1": 51.782688, "test_avg_rouge2": 27.902067999999996, "test_avg_rougeL": 41.174822000000006, "test_avg_rougeLsum": 41.208118000000006, "test_avg_gen_time": 0.18273301243782045, "test_avg_gen_len": 47.94, "val_loss": 0.8211330771446228, "val_rouge2": 27.557615280151367, "test_loss": 0.8197954893112183, "test_rouge2": 27.902067184448242, "_wandb": {"runtime": 1813}}