{"n_params": 737668608, "mp": 737.668608, "grad_mp": 737.668608, "_timestamp": 1667447290.5522726, "_runtime": 2633.0888946056366, "_step": 3221, "lr_group_0": 2.5506146445750935e-05, "lr_group_1": 2.5506146445750935e-05, "global_step": 3108, "loss": 0.3884074091911316, "tpb": 830, "bs": 8, "src_pad_tok": 75, "src_pad_frac": 0.146484375, "epoch": 2, "val_avg_loss": 0.5681132674217224, "val_avg_rouge1": 51.182904, "val_avg_rouge2": 27.391706, "val_avg_rougeL": 40.657508, "val_avg_rougeLsum": 40.626378, "val_avg_gen_time": 0.22977973719437916, "val_avg_gen_len": 52.58, "step_count": 3}