{"n_params": 737668608, "mp": 737.668608, "grad_mp": 737.668608, "_timestamp": 1669089442.3765543, "_runtime": 7957.112181186676, "_step": 21512, "lr_group_0": 0.0, "lr_group_1": 0.0, "global_step": 1404, "loss": 0.032654229551553726, "tpb": 145, "bs": 2, "src_pad_tok": 4, "src_pad_frac": 0.06060606241226196, "epoch": 14, "val_avg_loss": 1.808803677558899, "val_avg_rouge1": 49.01357, "val_avg_rouge2": 24.888363999999996, "val_avg_rougeL": 38.950316, "val_avg_rougeLsum": 38.98335599999999, "val_avg_gen_time": 0.2326761442422867, "val_avg_gen_len": 54.22, "step_count": 17, "test_avg_loss": 0.8151697516441345, "test_avg_rouge1": 51.621384, "test_avg_rouge2": 27.880768000000003, "test_avg_rougeL": 41.007642000000004, "test_avg_rougeLsum": 41.008162, "test_avg_gen_time": 0.19741472502549487, "test_avg_gen_len": 48.88, "val_loss": 1.808803677558899, "val_rouge2": 24.888364791870117, "test_loss": 0.8151697516441345, "test_rouge2": 27.880767822265625, "_wandb": {"runtime": 7956}}