{"n_params": 737668608, "mp": 737.668608, "grad_mp": 737.668608, "_timestamp": 1669240111.911283, "_runtime": 3032.9587109088898, "_step": 7172, "lr_group_0": 0.0, "lr_group_1": 0.0, "global_step": 5616, "loss": 0.19862356781959534, "tpb": 153, "bs": 2, "src_pad_tok": 1, "src_pad_frac": 0.012500000186264515, "epoch": 4, "val_avg_loss": 0.9578650593757629, "val_avg_rouge1": 51.505904, "val_avg_rouge2": 28.106868, "val_avg_rougeL": 41.362236, "val_avg_rougeLsum": 41.398312, "val_avg_gen_time": 0.19859223226706188, "val_avg_gen_len": 50.08, "step_count": 7, "test_avg_loss": 0.9333319664001465, "test_avg_rouge1": 51.783759999999994, "test_avg_rouge2": 28.23462, "test_avg_rougeL": 41.66861000000001, "test_avg_rougeLsum": 41.69929, "test_avg_gen_time": 0.20546715398629506, "test_avg_gen_len": 51.78, "val_loss": 0.9578650593757629, "val_rouge2": 28.106868743896484, "test_loss": 0.9333319664001465, "test_rouge2": 28.234619140625, "_wandb": {"runtime": 3032}}