{"n_params": 737668608, "mp": 737.668608, "grad_mp": 737.668608, "_timestamp": 1669248542.3679597, "_runtime": 1805.4162917137146, "_step": 3027, "lr_group_0": 1.0135135135135136e-08, "lr_group_1": 1.0135135135135136e-08, "global_step": 1776, "loss": 0.7885720133781433, "tpb": 663, "bs": 8, "src_pad_tok": 72, "src_pad_frac": 0.20454546809196472, "epoch": 4, "val_avg_loss": 0.8210248351097107, "val_avg_rouge1": 51.156003999999996, "val_avg_rouge2": 27.761918, "val_avg_rougeL": 40.806079999999994, "val_avg_rougeLsum": 40.84894799999999, "val_avg_gen_time": 0.1788348956902822, "val_avg_gen_len": 46.96, "step_count": 7, "test_avg_loss": 0.8184931874275208, "test_avg_rouge1": 51.961884, "test_avg_rouge2": 28.329204, "test_avg_rougeL": 41.436873999999996, "test_avg_rougeLsum": 41.43034000000001, "test_avg_gen_time": 0.18211204032103223, "test_avg_gen_len": 48.32, "val_loss": 0.8210248351097107, "val_rouge2": 27.761917114257812, "test_loss": 0.8184931874275208, "test_rouge2": 28.329204559326172, "_wandb": {"runtime": 1804}}