{"n_params": 737668608, "mp": 737.668608, "grad_mp": 737.668608, "_timestamp": 1669089591.697529, "_runtime": 8106.433163166046, "_step": 21512, "lr_group_0": 0.0, "lr_group_1": 0.0, "global_step": 2808, "loss": 0.9397648572921753, "tpb": 163, "bs": 2, "src_pad_tok": 4, "src_pad_frac": 0.0476190485060215, "epoch": 14, "val_avg_loss": 1.1488587856292725, "val_avg_rouge1": 48.83688599999999, "val_avg_rouge2": 24.559872, "val_avg_rougeL": 38.71115, "val_avg_rougeLsum": 38.737994, "val_avg_gen_time": 0.22758310715357463, "val_avg_gen_len": 57.2, "step_count": 17, "test_avg_loss": 0.5601614117622375, "test_avg_rouge1": 51.363257999999995, "test_avg_rouge2": 27.236953999999997, "test_avg_rougeL": 40.724774000000004, "test_avg_rougeLsum": 40.70399999999999, "test_avg_gen_time": 0.20019082963466645, "test_avg_gen_len": 52.2, "val_loss": 1.1488587856292725, "val_rouge2": 24.559871673583984, "test_loss": 0.5601614117622375, "test_rouge2": 27.236953735351562, "_wandb": {"runtime": 8106}}