{"n_params": 737668608, "mp": 737.668608, "grad_mp": 737.668608, "_timestamp": 1669172844.5021315, "_runtime": 6071.773154497147, "_step": 7172, "lr_group_0": 0.0, "lr_group_1": 0.0, "global_step": 1404, "loss": 0.2591070532798767, "tpb": 171, "bs": 2, "src_pad_tok": 1, "src_pad_frac": 0.010204081423580647, "epoch": 4, "val_avg_loss": 0.6030334234237671, "val_avg_rouge1": 50.953509999999994, "val_avg_rouge2": 26.929168, "val_avg_rougeL": 41.056722, "val_avg_rougeLsum": 41.067952000000005, "val_avg_gen_time": 0.194161181251208, "val_avg_gen_len": 49.16, "step_count": 7, "test_avg_loss": 0.5411674976348877, "test_avg_rouge1": 51.278166, "test_avg_rouge2": 27.98168, "test_avg_rougeL": 41.139916, "test_avg_rougeLsum": 41.16379, "test_avg_gen_time": 0.18270274420579274, "test_avg_gen_len": 47.88, "val_loss": 0.6030334234237671, "val_rouge2": 26.929168701171875, "test_loss": 0.5411674976348877, "test_rouge2": 27.981679916381836, "_wandb": {"runtime": 6071}}