{"n_params": 737668608, "mp": 737.668608, "grad_mp": 737.668608, "_timestamp": 1669098564.0986645, "_runtime": 17078.82828259468, "_step": 21512, "lr_group_0": 0.0, "lr_group_1": 0.0, "global_step": 1404, "loss": 0.17736336588859558, "tpb": 163, "bs": 2, "src_pad_tok": 4, "src_pad_frac": 0.0476190485060215, "epoch": 14, "val_avg_loss": 1.1762721538543701, "val_avg_rouge1": 49.287054, "val_avg_rouge2": 24.967174000000004, "val_avg_rougeL": 38.676554, "val_avg_rougeLsum": 38.667954, "val_avg_gen_time": 0.2282676362991333, "val_avg_gen_len": 55.64, "step_count": 17, "test_avg_loss": 0.5411674976348877, "test_avg_rouge1": 51.332244, "test_avg_rouge2": 27.966938, "test_avg_rougeL": 41.141909999999996, "test_avg_rougeLsum": 41.13873400000001, "test_avg_gen_time": 0.18942345798015595, "test_avg_gen_len": 47.88, "val_loss": 1.1762721538543701, "val_rouge2": 24.967174530029297, "test_loss": 0.5411674976348877, "test_rouge2": 27.966938018798828, "_wandb": {"runtime": 17078}}