{"n_params": 737668608, "mp": 737.668608, "grad_mp": 737.668608, "_timestamp": 1669166145.3404343, "_runtime": 3768.6867382526398, "_step": 7172, "lr_group_0": 0.0, "lr_group_1": 0.0, "global_step": 1404, "loss": 0.19912613928318024, "tpb": 171, "bs": 2, "src_pad_tok": 1, "src_pad_frac": 0.010204081423580647, "epoch": 4, "val_avg_loss": 0.616987407207489, "val_avg_rouge1": 51.09466, "val_avg_rouge2": 26.899944, "val_avg_rougeL": 40.778008, "val_avg_rougeLsum": 40.795464, "val_avg_gen_time": 0.20209057688713072, "val_avg_gen_len": 50.36, "step_count": 7, "test_avg_loss": 0.5411674976348877, "test_avg_rouge1": 51.278166, "test_avg_rouge2": 27.98168, "test_avg_rougeL": 41.139916, "test_avg_rougeLsum": 41.16379, "test_avg_gen_time": 0.1848520243167877, "test_avg_gen_len": 47.88, "val_loss": 0.616987407207489, "val_rouge2": 26.899944305419922, "test_loss": 0.5411674976348877, "test_rouge2": 27.981679916381836, "_wandb": {"runtime": 3768}}