{"n_params": 737668608, "mp": 737.668608, "grad_mp": 737.668608, "_timestamp": 1669246671.1990635, "_runtime": 5962.2430856227875, "_step": 7172, "lr_group_0": 0.0, "lr_group_1": 0.0, "global_step": 1404, "loss": 0.273608922958374, "tpb": 171, "bs": 2, "src_pad_tok": 1, "src_pad_frac": 0.010204081423580647, "epoch": 4, "val_avg_loss": 0.6267690062522888, "val_avg_rouge1": 51.489164, "val_avg_rouge2": 27.531662, "val_avg_rougeL": 41.13066999999999, "val_avg_rougeLsum": 41.111726, "val_avg_gen_time": 0.20273131867249805, "val_avg_gen_len": 51.46, "step_count": 7, "test_avg_loss": 0.5411674976348877, "test_avg_rouge1": 51.278166, "test_avg_rouge2": 27.98168, "test_avg_rougeL": 41.139916, "test_avg_rougeLsum": 41.16379, "test_avg_gen_time": 0.18154221673806506, "test_avg_gen_len": 47.88, "val_loss": 0.6267690062522888, "val_rouge2": 27.531661987304688, "test_loss": 0.5411674976348877, "test_rouge2": 27.981679916381836, "_wandb": {"runtime": 5961}}